docId,filename,top topics, and contribution to doc ...
1,/Users/brianrosenblum/Desktop/./t/texts/jesuati-test/xaa,7,0.333,3,0.333,8,0.167,6,0.167
2,/Users/brianrosenblum/Desktop/./t/texts/jesuati-test/xab,7,0.395,9,0.124,10,0.114,3,0.083,8,0.080,2,0.065,1,0.065
3,/Users/brianrosenblum/Desktop/./t/texts/jesuati-test/xac,7,0.269,8,0.231,5,0.099,2,0.099,10,0.071,4,0.071,3,0.066
4,/Users/brianrosenblum/Desktop/./t/texts/jesuati-test/xad,8,0.237,7,0.237,2,0.237,9,0.136,4,0.119
5,/Users/brianrosenblum/Desktop/./t/texts/jesuati-test/xae,7,0.237,8,0.186,4,0.153,2,0.119,9,0.102,5,0.068,3,0.068,10,0.051
6,/Users/brianrosenblum/Desktop/./t/texts/jesuati-test/xaf,7,0.252,1,0.140,2,0.128,10,0.109,8,0.109,9,0.097,4,0.074,3,0.074
7,/Users/brianrosenblum/Desktop/./t/texts/jesuati-test/xag,7,0.331,9,0.160,10,0.124,2,0.101,4,0.071,5,0.059,1,0.059
8,/Users/brianrosenblum/Desktop/./t/texts/jesuati-test/xah,10,0.343,7,0.200,1,0.143,2,0.114,9,0.086
9,/Users/brianrosenblum/Desktop/./t/texts/jesuati-test/xai,7,0.238,9,0.166,10,0.139,8,0.126,4,0.106,2,0.099,1,0.053
10,/Users/brianrosenblum/Desktop/./t/texts/jesuati-test/xaj,7,0.257,10,0.187,3,0.177,4,0.107,9,0.083,2,0.080,8,0.058
11,/Users/brianrosenblum/Desktop/./t/texts/jesuati-test/xak,7,0.302,8,0.209,9,0.192,2,0.145,10,0.093
12,/Users/brianrosenblum/Desktop/./t/texts/jesuati-test/xal,9,0.200,7,0.178,10,0.156,1,0.156,2,0.089,5,0.067,4,0.067
13,/Users/brianrosenblum/Desktop/./t/texts/jesuati-test/xam,9,0.296,7,0.170,3,0.109,4,0.101,10,0.081,5,0.077,1,0.059,2,0.057
14,/Users/brianrosenblum/Desktop/./t/texts/jesuati-test/xan,9,0.355,4,0.228,3,0.096,8,0.079,10,0.070,2,0.057
15,/Users/brianrosenblum/Desktop/./t/texts/jesuati-test/xao,9,0.369,4,0.208,3,0.154,5,0.087,1,0.081
16,/Users/brianrosenblum/Desktop/./t/texts/jesuati-test/xap,4,0.208,9,0.194,10,0.140,1,0.083,8,0.081,7,0.077,5,0.065,2,0.062,3,0.051
17,/Users/brianrosenblum/Desktop/./t/texts/jesuati-test/xaq,9,0.225,10,0.180,4,0.117,3,0.105,8,0.088,1,0.078,2,0.071,7,0.066
18,/Users/brianrosenblum/Desktop/./t/texts/jesuati-test/xar,9,0.267,4,0.180,1,0.122,2,0.114,7,0.098,3,0.086,8,0.055
19,/Users/brianrosenblum/Desktop/./t/texts/jesuati-test/xas,4,0.213,2,0.157,9,0.154,7,0.129,10,0.111,5,0.066,3,0.060,8,0.050
20,/Users/brianrosenblum/Desktop/./t/texts/jesuati-test/xat,8,0.175,7,0.175,2,0.175,3,0.125,10,0.100,9,0.100,5,0.075,4,0.050
21,/Users/brianrosenblum/Desktop/./t/texts/jesuati-test/xau,4,0.263,5,0.158,1,0.158,10,0.105,9,0.105,2,0.105,8,0.053,7,0.053
22,/Users/brianrosenblum/Desktop/./t/texts/jesuati-test/xav,4,0.395,10,0.116,9,0.116,8,0.116,7,0.116,2,0.093
23,/Users/brianrosenblum/Desktop/./t/texts/jesuati-test/xaw,9,0.232,2,0.185,1,0.125,7,0.118,10,0.105,8,0.080,4,0.063
24,/Users/brianrosenblum/Desktop/./t/texts/jesuati-test/xax,10,0.459,8,0.216,1,0.162,9,0.054
25,/Users/brianrosenblum/Desktop/./t/texts/jesuati-test/xay,10,0.177,9,0.177,2,0.170,4,0.130,8,0.105,1,0.102,7,0.057
26,/Users/brianrosenblum/Desktop/./t/texts/jesuati-test/xaz,6,0.327,4,0.202,2,0.125,3,0.087,5,0.077
27,/Users/brianrosenblum/Desktop/./t/texts/jesuati-test/xba,2,0.333,6,0.202,4,0.109,3,0.082,8,0.071,7,0.060,9,0.055
28,/Users/brianrosenblum/Desktop/./t/texts/jesuati-test/xbb,4,0.253,9,0.193,1,0.169,2,0.153,7,0.076,10,0.064
29,/Users/brianrosenblum/Desktop/./t/texts/jesuati-test/xbc,10,0.196,2,0.164,8,0.153,4,0.142,1,0.102,7,0.099,9,0.078
30,/Users/brianrosenblum/Desktop/./t/texts/jesuati-test/xbd,4,0.212,9,0.186,2,0.154,1,0.096,6,0.077,10,0.071,7,0.071,3,0.064
31,/Users/brianrosenblum/Desktop/./t/texts/jesuati-test/xbe,6,0.400,4,0.400,2,0.200
32,/Users/brianrosenblum/Desktop/./t/texts/jesuati-test/xbf,6,0.690,5,0.083,7,0.060,3,0.060
33,/Users/brianrosenblum/Desktop/./t/texts/jesuati-test/xbg,6,0.776,4,0.103,7,0.052
34,/Users/brianrosenblum/Desktop/./t/texts/jesuati-test/xbh,4,0.368,6,0.200,5,0.155,7,0.084,9,0.052
35,/Users/brianrosenblum/Desktop/./t/texts/jesuati-test/xbi,1,0.274,9,0.130,4,0.118,10,0.104,3,0.093,7,0.084,8,0.075,2,0.069
36,/Users/brianrosenblum/Desktop/./t/texts/jesuati-test/xbj,1,0.327,3,0.177,9,0.145,10,0.126,7,0.086,4,0.056
37,/Users/brianrosenblum/Desktop/./t/texts/jesuati-test/xbk,1,0.430,10,0.218,9,0.127,8,0.073
38,/Users/brianrosenblum/Desktop/./t/texts/jesuati-test/xbl,10,0.251,1,0.172,4,0.121,9,0.100,3,0.094,8,0.079,2,0.079,7,0.066
39,/Users/brianrosenblum/Desktop/./t/texts/jesuati-test/xbm,4,0.422,10,0.219,9,0.172,8,0.063,1,0.063
40,/Users/brianrosenblum/Desktop/./t/texts/jesuati-test/xbn,4,0.262,9,0.206,10,0.190,7,0.083,2,0.078,8,0.072
41,/Users/brianrosenblum/Desktop/./t/texts/jesuati-test/xbo,4,0.217,8,0.196,7,0.109,2,0.109,1,0.109,9,0.087,3,0.065
42,/Users/brianrosenblum/Desktop/./t/texts/jesuati-test/xbp,4,0.253,8,0.195,7,0.161,2,0.138,9,0.103,3,0.069,10,0.057
43,/Users/brianrosenblum/Desktop/./t/texts/jesuati-test/xbq,4,0.281,2,0.161,9,0.149,10,0.116,8,0.099,1,0.079,7,0.074
44,/Users/brianrosenblum/Desktop/./t/texts/jesuati-test/xbr,4,0.232,9,0.161,7,0.143,8,0.134,5,0.107,2,0.071,10,0.063,1,0.063
45,/Users/brianrosenblum/Desktop/./t/texts/jesuati-test/xbs,9,0.265,2,0.182,4,0.155,8,0.149,7,0.088,10,0.072
46,/Users/brianrosenblum/Desktop/./t/texts/jesuati-test/xbt,2,0.345,9,0.207,4,0.172,10,0.103,8,0.103,7,0.069
47,/Users/brianrosenblum/Desktop/./t/texts/jesuati-test/xbu,2,0.375,7,0.125,5,0.125,10,0.094,3,0.094,9,0.063
48,/Users/brianrosenblum/Desktop/./t/texts/jesuati-test/xbv,4,0.252,2,0.163,9,0.141,7,0.119,10,0.111,8,0.111,3,0.052
49,/Users/brianrosenblum/Desktop/./t/texts/jesuati-test/xbw,2,0.166,4,0.162,9,0.158,8,0.158,10,0.101,6,0.097,1,0.093
50,/Users/brianrosenblum/Desktop/./t/texts/jesuati-test/xbx,4,0.224,2,0.219,8,0.175,9,0.104,7,0.093,1,0.071,3,0.066
51,/Users/brianrosenblum/Desktop/./t/texts/jesuati-test/xby,2,0.200,9,0.150,7,0.150,5,0.150,4,0.100,10,0.050,8,0.050,6,0.050,3,0.050,1,0.050
52,/Users/brianrosenblum/Desktop/./t/texts/jesuati-test/xbz,2,0.287,4,0.167,9,0.125,8,0.099,7,0.091,1,0.089
53,/Users/brianrosenblum/Desktop/./t/texts/jesuati-test/xca,4,0.463,2,0.149,8,0.096,3,0.080,7,0.064,5,0.064
54,/Users/brianrosenblum/Desktop/./t/texts/jesuati-test/xcb,6,0.748,4,0.059,1,0.059,5,0.052
55,/Users/brianrosenblum/Desktop/./t/texts/jesuati-test/xcc,9,0.258,2,0.226,8,0.145,7,0.113,5,0.065,4,0.065,1,0.065
56,/Users/brianrosenblum/Desktop/./t/texts/jesuati-test/xcd,2,0.469,4,0.219,9,0.125,8,0.063,3,0.063
57,/Users/brianrosenblum/Desktop/./t/texts/jesuati-test/xce,6,0.333,2,0.135,8,0.127,7,0.079,4,0.079,9,0.071,1,0.063,5,0.056
58,/Users/brianrosenblum/Desktop/./t/texts/jesuati-test/xcf,2,0.322,8,0.231,9,0.135,7,0.087,1,0.082
59,/Users/brianrosenblum/Desktop/./t/texts/jesuati-test/xcg,8,0.244,9,0.185,2,0.176,7,0.139,3,0.086,4,0.059
60,/Users/brianrosenblum/Desktop/./t/texts/jesuati-test/xch,9,0.296,8,0.145,2,0.132,4,0.112,3,0.099,5,0.092,7,0.072
61,/Users/brianrosenblum/Desktop/./t/texts/jesuati-test/xci,8,0.266,2,0.216,9,0.152,7,0.127,3,0.064,4,0.052
62,/Users/brianrosenblum/Desktop/./t/texts/jesuati-test/xcj,10,0.366,8,0.161,7,0.143,9,0.089,1,0.080,5,0.054,2,0.054
63,/Users/brianrosenblum/Desktop/./t/texts/jesuati-test/xck,10,0.286,8,0.214,2,0.129,4,0.114,9,0.100,1,0.071
64,/Users/brianrosenblum/Desktop/./t/texts/jesuati-test/xcl,8,0.253,2,0.253,7,0.187,4,0.110,5,0.077,9,0.055
65,/Users/brianrosenblum/Desktop/./t/texts/jesuati-test/xcm,7,0.250,6,0.250,5,0.250,4,0.250
66,/Users/brianrosenblum/Desktop/./t/texts/jesuati-test/xcn,2,0.311,7,0.169,8,0.134,4,0.122,9,0.106,10,0.059
67,/Users/brianrosenblum/Desktop/./t/texts/jesuati-test/xco,8,0.229,2,0.145,5,0.120,9,0.096,7,0.096,1,0.096,10,0.072,3,0.072
68,/Users/brianrosenblum/Desktop/./t/texts/jesuati-test/xcp,6,0.872,1,0.051
69,/Users/brianrosenblum/Desktop/./t/texts/jesuati-test/xcq,6,0.952
70,/Users/brianrosenblum/Desktop/./t/texts/jesuati-test/xcr,6,0.785
71,/Users/brianrosenblum/Desktop/./t/texts/jesuati-test/xcs,6,0.817
72,/Users/brianrosenblum/Desktop/./t/texts/jesuati-test/xct,6,0.280,4,0.207,2,0.134,8,0.104,7,0.104,10,0.067
73,/Users/brianrosenblum/Desktop/./t/texts/jesuati-test/xcu,1,0.270,4,0.206,8,0.159,7,0.095,3,0.095,2,0.079
74,/Users/brianrosenblum/Desktop/./t/texts/jesuati-test/xcv,9,0.175,8,0.160,6,0.135,2,0.117,5,0.107,7,0.087,4,0.078,3,0.067
75,/Users/brianrosenblum/Desktop/./t/texts/jesuati-test/xcw,6,1.000
76,/Users/brianrosenblum/Desktop/./t/texts/jesuati-test/xcx,6,0.824
77,/Users/brianrosenblum/Desktop/./t/texts/jesuati-test/xcy,6,0.939
78,/Users/brianrosenblum/Desktop/./t/texts/jesuati-test/xcz,6,0.680,2,0.080,7,0.050,5,0.050
79,/Users/brianrosenblum/Desktop/./t/texts/jesuati-test/xda,6,0.652,5,0.078,10,0.053
80,/Users/brianrosenblum/Desktop/./t/texts/jesuati-test/xdb,6,0.625,5,0.107,2,0.071,9,0.054,7,0.054
81,/Users/brianrosenblum/Desktop/./t/texts/jesuati-test/xdc,6,0.960
82,/Users/brianrosenblum/Desktop/./t/texts/jesuati-test/xdd,6,0.744,5,0.077,4,0.077
83,/Users/brianrosenblum/Desktop/./t/texts/jesuati-test/xde,6,0.789,5,0.053,2,0.053
84,/Users/brianrosenblum/Desktop/./t/texts/jesuati-test/xdf,6,0.864,5,0.091
85,/Users/brianrosenblum/Desktop/./t/texts/jesuati-test/xdg,6,0.728,2,0.054
86,/Users/brianrosenblum/Desktop/./t/texts/jesuati-test/xdh,6,0.778,1,0.111
87,/Users/brianrosenblum/Desktop/./t/texts/jesuati-test/xdi,6,0.943
88,/Users/brianrosenblum/Desktop/./t/texts/jesuati-test/xdj,6,0.524,10,0.143,1,0.143,3,0.095
89,/Users/brianrosenblum/Desktop/./t/texts/jesuati-test/xdk,6,0.682,5,0.109,4,0.055
90,/Users/brianrosenblum/Desktop/./t/texts/jesuati-test/xdl,6,0.756
91,/Users/brianrosenblum/Desktop/./t/texts/jesuati-test/xdm,6,0.494,8,0.091,2,0.091,4,0.078,9,0.065,7,0.065,5,0.065
92,/Users/brianrosenblum/Desktop/./t/texts/jesuati-test/xdn,6,0.833,9,0.083,7,0.083
93,/Users/brianrosenblum/Desktop/./t/texts/jesuati-test/xdo,6,0.781,5,0.082,2,0.063
94,/Users/brianrosenblum/Desktop/./t/texts/jesuati-test/xdp,7,0.276,4,0.241,8,0.138,2,0.138,1,0.103,3,0.069
95,/Users/brianrosenblum/Desktop/./t/texts/jesuati-test/xdq,10,0.244,8,0.157,7,0.145,3,0.136,1,0.089,9,0.068,5,0.062
96,/Users/brianrosenblum/Desktop/./t/texts/jesuati-test/xdr,10,0.301,8,0.286,7,0.135,9,0.098,2,0.068,1,0.068
97,/Users/brianrosenblum/Desktop/./t/texts/jesuati-test/xds,8,0.212,9,0.192,7,0.135,4,0.135,3,0.135,1,0.077
98,/Users/brianrosenblum/Desktop/./t/texts/jesuati-test/xdt,8,0.277,10,0.159,9,0.142,2,0.115,7,0.077,1,0.067,5,0.064,3,0.050
99,/Users/brianrosenblum/Desktop/./t/texts/jesuati-test/xdu,8,0.340,2,0.245,3,0.189,4,0.075
100,/Users/brianrosenblum/Desktop/./t/texts/jesuati-test/xdv,8,0.328,2,0.307,7,0.106,9,0.074,3,0.063
101,/Users/brianrosenblum/Desktop/./t/texts/jesuati-test/xdw,8,0.277,2,0.202,9,0.136,7,0.093,4,0.088,10,0.086
102,/Users/brianrosenblum/Desktop/./t/texts/jesuati-test/xdx,9,0.333,5,0.333,1,0.333
103,/Users/brianrosenblum/Desktop/./t/texts/jesuati-test/xdy,9,0.476,10,0.143,5,0.143
104,/Users/brianrosenblum/Desktop/./t/texts/jesuati-test/xdz,2,0.226,10,0.170,4,0.132,1,0.132,9,0.113,8,0.094,7,0.075
105,/Users/brianrosenblum/Desktop/./t/texts/jesuati-test/xea,10,0.268,9,0.196,8,0.161,7,0.089,2,0.089,1,0.071,4,0.054
106,/Users/brianrosenblum/Desktop/./t/texts/jesuati-test/xeb,2,0.250,9,0.200,1,0.150,7,0.100,5,0.100,4,0.075,10,0.050,8,0.050
107,/Users/brianrosenblum/Desktop/./t/texts/jesuati-test/xec,6,0.699,5,0.105,7,0.059
108,/Users/brianrosenblum/Desktop/./t/texts/jesuati-test/xed,6,0.263,9,0.161,4,0.161,10,0.144,2,0.068,5,0.051,3,0.051
109,/Users/brianrosenblum/Desktop/./t/texts/jesuati-test/xee,8,0.233,7,0.178,10,0.164,9,0.110,4,0.096,6,0.068,3,0.055
110,/Users/brianrosenblum/Desktop/./t/texts/jesuati-test/xef,9,0.179,2,0.166,4,0.157,8,0.126,6,0.117,7,0.076,10,0.072
111,/Users/brianrosenblum/Desktop/./t/texts/jesuati-test/xeg,6,0.391,2,0.172,8,0.092,7,0.092,4,0.069,10,0.057,3,0.057
112,/Users/brianrosenblum/Desktop/./t/texts/jesuati-test/xeh,6,0.622,9,0.071,5,0.059,4,0.055,2,0.055
113,/Users/brianrosenblum/Desktop/./t/texts/jesuati-test/xei,5,0.667,4,0.333
114,/Users/brianrosenblum/Desktop/./t/texts/jesuati-test/xej,2,0.278,8,0.259,7,0.139,9,0.093,4,0.056,3,0.056
115,/Users/brianrosenblum/Desktop/./t/texts/jesuati-test/xek,10,0.310,7,0.172,4,0.138,1,0.103,6,0.069,5,0.069,2,0.069
116,/Users/brianrosenblum/Desktop/./t/texts/jesuati-test/xel,2,0.194,10,0.167,9,0.167,8,0.111,1,0.111,7,0.083,3,0.083,5,0.056
117,/Users/brianrosenblum/Desktop/./t/texts/jesuati-test/xem,8,0.250,5,0.250,2,0.250,1,0.250
118,/Users/brianrosenblum/Desktop/./t/texts/jesuati-test/xen,5,0.192,1,0.192,7,0.154,3,0.154,9,0.115,2,0.115,6,0.077
119,/Users/brianrosenblum/Desktop/./t/texts/jesuati-test/xeo,2,0.385,5,0.135,9,0.096,8,0.096,1,0.077,7,0.058,4,0.058,3,0.058
120,/Users/brianrosenblum/Desktop/./t/texts/jesuati-test/xep,4,0.226,9,0.161,5,0.161,10,0.097,8,0.097,7,0.097,2,0.097,6,0.065
121,/Users/brianrosenblum/Desktop/./t/texts/jesuati-test/xeq,4,0.213,9,0.163,3,0.113,2,0.113,8,0.106,1,0.092,10,0.071
122,/Users/brianrosenblum/Desktop/./t/texts/jesuati-test/xer,10,0.236,3,0.181,9,0.125,4,0.111,5,0.097,2,0.083,1,0.083,8,0.056
123,/Users/brianrosenblum/Desktop/./t/texts/jesuati-test/xes,9,0.279,10,0.197,8,0.164,2,0.098
124,/Users/brianrosenblum/Desktop/./t/texts/jesuati-test/xet,2,0.328,7,0.149,8,0.119,6,0.114,10,0.070,3,0.065,4,0.055
125,/Users/brianrosenblum/Desktop/./t/texts/jesuati-test/xeu,2,0.317,9,0.250,8,0.142,1,0.125,5,0.050,4,0.050
126,/Users/brianrosenblum/Desktop/./t/texts/jesuati-test/xev,2,0.448,9,0.136,1,0.112,8,0.072,7,0.072
127,/Users/brianrosenblum/Desktop/./t/texts/jesuati-test/xew,2,0.354,9,0.153,6,0.111,1,0.111,7,0.069,8,0.063
128,/Users/brianrosenblum/Desktop/./t/texts/jesuati-test/xex,2,0.324,9,0.229,1,0.086,8,0.076,7,0.067,4,0.067
129,/Users/brianrosenblum/Desktop/./t/texts/jesuati-test/xey,6,0.324,2,0.252,4,0.099,3,0.099,5,0.090,1,0.054
130,/Users/brianrosenblum/Desktop/./t/texts/jesuati-test/xez,2,0.429,7,0.137,8,0.106,9,0.090,10,0.066
131,/Users/brianrosenblum/Desktop/./t/texts/jesuati-test/xfa,2,0.397,8,0.160,1,0.086,9,0.084,10,0.076,7,0.071,3,0.061
132,/Users/brianrosenblum/Desktop/./t/texts/jesuati-test/xfb,2,0.416,8,0.161,7,0.131,9,0.080,3,0.058
133,/Users/brianrosenblum/Desktop/./t/texts/jesuati-test/xfc,2,0.333,7,0.188,8,0.116,10,0.101,9,0.072,4,0.058
134,/Users/brianrosenblum/Desktop/./t/texts/jesuati-test/xfd,2,0.526,7,0.125,8,0.122,9,0.081
135,/Users/brianrosenblum/Desktop/./t/texts/jesuati-test/xfe,2,0.590,8,0.120,7,0.068,5,0.051
136,/Users/brianrosenblum/Desktop/./t/texts/jesuati-test/xff,2,0.461,8,0.115,3,0.109,7,0.073,6,0.065,9,0.061
137,/Users/brianrosenblum/Desktop/./t/texts/jesuati-test/xfg,2,0.488,8,0.114,3,0.091,4,0.072,1,0.070,7,0.065
138,/Users/brianrosenblum/Desktop/./t/texts/jesuati-test/xfh,2,0.264,9,0.208,8,0.208,4,0.151
139,/Users/brianrosenblum/Desktop/./t/texts/jesuati-test/xfi,2,0.487,3,0.148,8,0.088,7,0.062,1,0.062,4,0.057,9,0.054
140,/Users/brianrosenblum/Desktop/./t/texts/jesuati-test/xfj,2,0.486,3,0.129,5,0.086,7,0.079,1,0.071,8,0.064
141,/Users/brianrosenblum/Desktop/./t/texts/jesuati-test/xfk,2,0.484,7,0.123,8,0.081,6,0.061,9,0.058,3,0.055
142,/Users/brianrosenblum/Desktop/./t/texts/jesuati-test/xfl,2,0.468,7,0.134,5,0.075,10,0.070,4,0.055
143,/Users/brianrosenblum/Desktop/./t/texts/jesuati-test/xfm,2,0.257,8,0.229,10,0.171,9,0.105,1,0.067,4,0.057
144,/Users/brianrosenblum/Desktop/./t/texts/jesuati-test/xfn,10,0.294,8,0.265,2,0.176,1,0.088,9,0.059,7,0.059
145,/Users/brianrosenblum/Desktop/./t/texts/jesuati-test/xfo,2,0.211,10,0.177,7,0.170,8,0.168,9,0.080,1,0.063,5,0.054
146,/Users/brianrosenblum/Desktop/./t/texts/jesuati-test/xfp,2,0.278,7,0.167,8,0.160,10,0.146,9,0.077,3,0.057
147,/Users/brianrosenblum/Desktop/./t/texts/jesuati-test/xfq,2,0.700,8,0.100,1,0.100,10,0.050,3,0.050
148,/Users/brianrosenblum/Desktop/./t/texts/jesuati-test/xfr,2,0.217,7,0.196,8,0.130,3,0.098,10,0.087,9,0.076,5,0.076,1,0.065
149,/Users/brianrosenblum/Desktop/./t/texts/jesuati-test/xfs,2,0.391,7,0.174,3,0.130,9,0.087,8,0.087
150,/Users/brianrosenblum/Desktop/./t/texts/jesuati-test/xft,4,0.500,8,0.250,1,0.250
151,/Users/brianrosenblum/Desktop/./t/texts/jesuati-test/xfu,10,0.333,1,0.250,4,0.139,8,0.111,3,0.056,2,0.056
152,/Users/brianrosenblum/Desktop/./t/texts/jesuati-test/xfv,2,0.272,6,0.177,8,0.125,10,0.108,9,0.078,4,0.073,7,0.065,1,0.065
153,/Users/brianrosenblum/Desktop/./t/texts/jesuati-test/xfw,2,0.194,10,0.192,8,0.158,7,0.121,9,0.110,6,0.077,4,0.060
154,/Users/brianrosenblum/Desktop/./t/texts/jesuati-test/xfx,2,0.220,8,0.187,4,0.138,7,0.122,10,0.089,1,0.073,9,0.065,3,0.057
155,/Users/brianrosenblum/Desktop/./t/texts/jesuati-test/xfy,2,0.185,8,0.182,10,0.179,9,0.142,7,0.128,4,0.088
156,/Users/brianrosenblum/Desktop/./t/texts/jesuati-test/xfz,8,0.313,9,0.212,10,0.101,2,0.101,7,0.071,5,0.071,1,0.051
157,/Users/brianrosenblum/Desktop/./t/texts/jesuati-test/xga,2,0.277,8,0.231,9,0.123,4,0.108,10,0.092,1,0.077
158,/Users/brianrosenblum/Desktop/./t/texts/jesuati-test/xgb,8,0.176,10,0.142,1,0.126,9,0.120,2,0.112,7,0.109,4,0.087,5,0.059
159,/Users/brianrosenblum/Desktop/./t/texts/jesuati-test/xgc,1,0.251,9,0.221,10,0.156,2,0.124,8,0.079
160,/Users/brianrosenblum/Desktop/./t/texts/jesuati-test/xgd,1,0.395,9,0.219,10,0.132,8,0.096,7,0.079,4,0.053
161,/Users/brianrosenblum/Desktop/./t/texts/jesuati-test/xge,10,0.250,1,0.250,9,0.143,8,0.107,3,0.107,2,0.071
162,/Users/brianrosenblum/Desktop/./t/texts/jesuati-test/xgf,9,0.235,1,0.216,10,0.176,8,0.157,5,0.072,4,0.052
163,/Users/brianrosenblum/Desktop/./t/texts/jesuati-test/xgg,6,0.803,5,0.087,2,0.052
164,/Users/brianrosenblum/Desktop/./t/texts/jesuati-test/xgh,1,0.335,6,0.206,10,0.176,2,0.076,9,0.065,3,0.053
165,/Users/brianrosenblum/Desktop/./t/texts/jesuati-test/xgi,10,0.432,1,0.205,8,0.182,3,0.068
166,/Users/brianrosenblum/Desktop/./t/texts/jesuati-test/xgj,10,0.287,1,0.214,9,0.141,8,0.083,2,0.064,7,0.061,4,0.061
167,/Users/brianrosenblum/Desktop/./t/texts/jesuati-test/xgk,2,0.258,4,0.145,10,0.129,9,0.129,5,0.097,3,0.081,8,0.065
168,/Users/brianrosenblum/Desktop/./t/texts/jesuati-test/xgl,6,0.352,2,0.148,5,0.111,8,0.093,4,0.093,3,0.074,10,0.056,7,0.056
169,/Users/brianrosenblum/Desktop/./t/texts/jesuati-test/xgm,4,0.202,2,0.165,8,0.138,7,0.128,10,0.119,1,0.083,9,0.073
170,/Users/brianrosenblum/Desktop/./t/texts/jesuati-test/xgn,6,0.182,10,0.157,4,0.128,8,0.124,9,0.112,3,0.091,7,0.083,1,0.062
171,/Users/brianrosenblum/Desktop/./t/texts/jesuati-test/xgo,6,0.797,5,0.052
172,/Users/brianrosenblum/Desktop/./t/texts/jesuati-test/xgp,6,0.424,2,0.250,5,0.109,7,0.076
173,/Users/brianrosenblum/Desktop/./t/texts/jesuati-test/xgq,5,0.299,2,0.183,6,0.116,1,0.091,7,0.085,4,0.085,8,0.067
174,/Users/brianrosenblum/Desktop/./t/texts/jesuati-test/xgr,3,0.221,5,0.186,4,0.174,1,0.163,7,0.105
175,/Users/brianrosenblum/Desktop/./t/texts/jesuati-test/xgs,6,0.299,7,0.134,5,0.102,4,0.102,8,0.087,2,0.071,1,0.063
176,/Users/brianrosenblum/Desktop/./t/texts/jesuati-test/xgt,2,0.221,6,0.146,8,0.121,5,0.116,7,0.111,4,0.095,3,0.060,10,0.055
177,/Users/brianrosenblum/Desktop/./t/texts/jesuati-test/xgu,6,0.304,1,0.174,10,0.130,5,0.130,4,0.087,3,0.087
178,/Users/brianrosenblum/Desktop/./t/texts/jesuati-test/xgv,6,0.732,5,0.089,3,0.071
179,/Users/brianrosenblum/Desktop/./t/texts/jesuati-test/xgw,6,0.718,2,0.054,1,0.054
180,/Users/brianrosenblum/Desktop/./t/texts/jesuati-test/xgx,10,0.378,1,0.324,9,0.090,8,0.081
181,/Users/brianrosenblum/Desktop/./t/texts/jesuati-test/xgy,10,0.349,1,0.286,8,0.127,9,0.079,5,0.063
182,/Users/brianrosenblum/Desktop/./t/texts/jesuati-test/xgz,9,0.213,1,0.199,10,0.191,2,0.163,8,0.099
183,/Users/brianrosenblum/Desktop/./t/texts/jesuati-test/xha,1,0.258,9,0.147,2,0.133,10,0.125,8,0.090,5,0.071,4,0.065,3,0.060
184,/Users/brianrosenblum/Desktop/./t/texts/jesuati-test/xhb,10,0.255,1,0.190,2,0.144,9,0.103,7,0.091,3,0.057
185,/Users/brianrosenblum/Desktop/./t/texts/jesuati-test/xhc,1,0.248,9,0.185,10,0.150,2,0.134,8,0.099,7,0.057
186,/Users/brianrosenblum/Desktop/./t/texts/jesuati-test/xhd,10,0.259,4,0.185,1,0.185,9,0.148,8,0.148
187,/Users/brianrosenblum/Desktop/./t/texts/jesuati-test/xhe,10,0.374,9,0.174,8,0.130,1,0.130,2,0.104
188,/Users/brianrosenblum/Desktop/./t/texts/jesuati-test/xhf,10,0.556,2,0.126,9,0.119,1,0.093
189,/Users/brianrosenblum/Desktop/./t/texts/jesuati-test/xhg,10,0.466,9,0.175,8,0.097,7,0.078,1,0.068,2,0.058
190,/Users/brianrosenblum/Desktop/./t/texts/jesuati-test/xhh,10,0.392,2,0.146,8,0.113,9,0.081,1,0.064,7,0.061
191,/Users/brianrosenblum/Desktop/./t/texts/jesuati-test/xhi,10,0.343,9,0.122,7,0.094,2,0.094,8,0.087,1,0.084,5,0.070,3,0.066
192,/Users/brianrosenblum/Desktop/./t/texts/jesuati-test/xhj,2,0.200,10,0.188,8,0.125,7,0.100,4,0.100,5,0.087,9,0.063,1,0.063
193,/Users/brianrosenblum/Desktop/./t/texts/jesuati-test/xhk,8,0.247,2,0.203,4,0.101,10,0.095,6,0.082,1,0.070,7,0.063,9,0.051,5,0.051
194,/Users/brianrosenblum/Desktop/./t/texts/jesuati-test/xhl,9,0.333,8,0.333,5,0.333
195,/Users/brianrosenblum/Desktop/./t/texts/jesuati-test/xhm,9,0.253,8,0.253,7,0.215,2,0.127,5,0.063,10,0.051
196,/Users/brianrosenblum/Desktop/./t/texts/jesuati-test/xhn,9,0.233,8,0.163,2,0.140,3,0.116,10,0.093,5,0.093,1,0.093
197,/Users/brianrosenblum/Desktop/./t/texts/jesuati-test/xho,9,0.280,1,0.240,8,0.160,10,0.080,5,0.080,2,0.080
198,/Users/brianrosenblum/Desktop/./t/texts/jesuati-test/xhp,9,0.190,8,0.190,2,0.190,1,0.190,5,0.095
199,/Users/brianrosenblum/Desktop/./t/texts/jesuati-test/xhq,2,0.237,9,0.211,1,0.158,10,0.132,7,0.132,8,0.079
200,/Users/brianrosenblum/Desktop/./t/texts/jesuati-test/xhr,8,0.227,9,0.187,2,0.187,7,0.093,4,0.067,3,0.067,10,0.053,5,0.053,1,0.053
201,/Users/brianrosenblum/Desktop/./t/texts/jesuati-test/xhs,10,0.286,8,0.265,2,0.163,9,0.122,7,0.061
202,/Users/brianrosenblum/Desktop/./t/texts/jesuati-test/xht,2,0.448,9,0.241,8,0.121,10,0.069,1,0.052
203,/Users/brianrosenblum/Desktop/./t/texts/jesuati-test/xhu,8,0.214,9,0.143,7,0.143,4,0.143,1,0.143,10,0.071,5,0.071,2,0.071
204,/Users/brianrosenblum/Desktop/./t/texts/jesuati-test/xhv,9,0.269,8,0.192,10,0.115,5,0.115,2,0.115,4,0.077,1,0.077
205,/Users/brianrosenblum/Desktop/./t/texts/jesuati-test/xhw,8,0.300,9,0.133,1,0.133,10,0.100,3,0.100,2,0.100,7,0.067,5,0.067
206,/Users/brianrosenblum/Desktop/./t/texts/jesuati-test/xhx,8,0.455,10,0.273,9,0.091,6,0.091,4,0.091
207,/Users/brianrosenblum/Desktop/./t/texts/jesuati-test/xhy,9,0.232,8,0.214,10,0.161,2,0.143,1,0.107
208,/Users/brianrosenblum/Desktop/./t/texts/jesuati-test/xhz,9,0.269,8,0.231,2,0.231,10,0.115,5,0.077
209,/Users/brianrosenblum/Desktop/./t/texts/jesuati-test/xia,10,0.385,2,0.154,1,0.154,9,0.115,8,0.115
210,/Users/brianrosenblum/Desktop/./t/texts/jesuati-test/xib,5,0.400,9,0.200,8,0.200,6,0.200
211,/Users/brianrosenblum/Desktop/./t/texts/jesuati-test/xic,1,0.450,2,0.133,8,0.117,10,0.067,9,0.067,3,0.050
212,/Users/brianrosenblum/Desktop/./t/texts/jesuati-test/xid,10,0.278,8,0.278,9,0.236,1,0.139
213,/Users/brianrosenblum/Desktop/./t/texts/jesuati-test/xie,8,0.193,2,0.181,10,0.157,7,0.120,4,0.084,9,0.072,5,0.072,1,0.060
214,/Users/brianrosenblum/Desktop/./t/texts/jesuati-test/xif,2,0.184,8,0.158,4,0.158,7,0.105,5,0.105,9,0.079,6,0.079,3,0.053,1,0.053
215,/Users/brianrosenblum/Desktop/./t/texts/jesuati-test/xig,9,0.250,8,0.250,4,0.250,1,0.250
216,/Users/brianrosenblum/Desktop/./t/texts/jesuati-test/xih,10,0.333,9,0.182,8,0.152,2,0.091,1,0.091,6,0.061,3,0.061
217,/Users/brianrosenblum/Desktop/./t/texts/jesuati-test/xii,10,0.390,8,0.195,2,0.146,9,0.122,7,0.098
218,/Users/brianrosenblum/Desktop/./t/texts/jesuati-test/xij,9,0.315,1,0.296,8,0.130,7,0.074,2,0.074,3,0.056
219,/Users/brianrosenblum/Desktop/./t/texts/jesuati-test/xik,8,0.200,7,0.200,5,0.200,4,0.200,1,0.200
220,/Users/brianrosenblum/Desktop/./t/texts/jesuati-test/xil,9,0.190,8,0.190,1,0.190,10,0.143,2,0.143,4,0.095
221,/Users/brianrosenblum/Desktop/./t/texts/jesuati-test/xim,6,0.248,8,0.200,2,0.131,3,0.097,5,0.090,9,0.083,10,0.055
222,/Users/brianrosenblum/Desktop/./t/texts/jesuati-test/xin,10,0.246,8,0.181,9,0.154,6,0.115,2,0.088,7,0.065,1,0.054
223,/Users/brianrosenblum/Desktop/./t/texts/jesuati-test/xio,6,0.260,9,0.206,10,0.107,4,0.092,8,0.084,7,0.084,1,0.076
224,/Users/brianrosenblum/Desktop/./t/texts/jesuati-test/xip,10,0.477,5,0.154,1,0.108,9,0.092,3,0.077
225,/Users/brianrosenblum/Desktop/./t/texts/jesuati-test/xiq,1,0.667,10,0.333
226,/Users/brianrosenblum/Desktop/./t/texts/jesuati-test/xir,10,0.276,1,0.172,8,0.136,9,0.132,2,0.076,7,0.064,4,0.056
227,/Users/brianrosenblum/Desktop/./t/texts/jesuati-test/xis,10,0.578,9,0.173,8,0.075,1,0.064
228,/Users/brianrosenblum/Desktop/./t/texts/jesuati-test/xit,6,0.241,10,0.178,8,0.121,9,0.115,1,0.092,4,0.069,2,0.069,5,0.057
229,/Users/brianrosenblum/Desktop/./t/texts/jesuati-test/xiu,10,0.506,9,0.159,1,0.122,8,0.091,5,0.055
230,/Users/brianrosenblum/Desktop/./t/texts/jesuati-test/xiv,10,0.502,9,0.131,8,0.131,2,0.055,1,0.050
231,/Users/brianrosenblum/Desktop/./t/texts/jesuati-test/xiw,6,0.375,10,0.221,7,0.154
232,/Users/brianrosenblum/Desktop/./t/texts/jesuati-test/xix,10,0.639,8,0.082,9,0.066,2,0.066,1,0.066
233,/Users/brianrosenblum/Desktop/./t/texts/jesuati-test/xiy,10,0.340,6,0.238,8,0.107,1,0.107,9,0.082
234,/Users/brianrosenblum/Desktop/./t/texts/jesuati-test/xiz,10,0.558,9,0.140,8,0.093,7,0.070
235,/Users/brianrosenblum/Desktop/./t/texts/jesuati-test/xja,10,0.653,9,0.120,8,0.097
236,/Users/brianrosenblum/Desktop/./t/texts/jesuati-test/xjb,10,0.647,8,0.088,3,0.088,9,0.059,5,0.059
237,/Users/brianrosenblum/Desktop/./t/texts/jesuati-test/xjc,10,0.676,1,0.216,9,0.054
238,/Users/brianrosenblum/Desktop/./t/texts/jesuati-test/xjd,10,0.521,9,0.166,8,0.092,2,0.065,1,0.062
239,/Users/brianrosenblum/Desktop/./t/texts/jesuati-test/xje,10,0.646,8,0.167,1,0.083,7,0.063
240,/Users/brianrosenblum/Desktop/./t/texts/jesuati-test/xjf,10,0.439,8,0.159,1,0.159,3,0.073,9,0.061
241,/Users/brianrosenblum/Desktop/./t/texts/jesuati-test/xjg,10,0.481,3,0.151,9,0.123,8,0.113
242,/Users/brianrosenblum/Desktop/./t/texts/jesuati-test/xjh,10,0.443,8,0.213,9,0.137,1,0.093
243,/Users/brianrosenblum/Desktop/./t/texts/jesuati-test/xji,10,0.537,1,0.122,8,0.098,9,0.061,2,0.061
244,/Users/brianrosenblum/Desktop/./t/texts/jesuati-test/xjj,10,0.418,1,0.206,9,0.106,8,0.057
245,/Users/brianrosenblum/Desktop/./t/texts/jesuati-test/xjk,10,0.618,9,0.118,3,0.088,1,0.088,8,0.059
246,/Users/brianrosenblum/Desktop/./t/texts/jesuati-test/xjl,10,0.364,5,0.182,8,0.152,1,0.121,3,0.091
247,/Users/brianrosenblum/Desktop/./t/texts/jesuati-test/xjm,10,0.306,8,0.212,1,0.176,7,0.129,9,0.106
248,/Users/brianrosenblum/Desktop/./t/texts/jesuati-test/xjn,10,0.237,8,0.195,1,0.144,5,0.127,3,0.102,9,0.051
249,/Users/brianrosenblum/Desktop/./t/texts/jesuati-test/xjo,10,0.622,8,0.108,3,0.081,1,0.081,6,0.054
250,/Users/brianrosenblum/Desktop/./t/texts/jesuati-test/xjp,10,0.611,1,0.111,3,0.087,8,0.071,5,0.056
251,/Users/brianrosenblum/Desktop/./t/texts/jesuati-test/xjq,10,0.487,1,0.167,8,0.154,9,0.103
252,/Users/brianrosenblum/Desktop/./t/texts/jesuati-test/xjr,10,0.460,9,0.159,8,0.079,7,0.079,1,0.079,5,0.063,3,0.063
253,/Users/brianrosenblum/Desktop/./t/texts/jesuati-test/xjs,10,0.320,8,0.190,1,0.140,9,0.090,7,0.070,3,0.070,2,0.060
254,/Users/brianrosenblum/Desktop/./t/texts/jesuati-test/xjt,10,0.782,9,0.064,3,0.064,8,0.051
255,/Users/brianrosenblum/Desktop/./t/texts/jesuati-test/xju,10,0.583,8,0.107,9,0.071,3,0.071,1,0.071
256,/Users/brianrosenblum/Desktop/./t/texts/jesuati-test/xjv,10,0.628,9,0.209
257,/Users/brianrosenblum/Desktop/./t/texts/jesuati-test/xjw,10,0.426,9,0.234,2,0.128,5,0.064
258,/Users/brianrosenblum/Desktop/./t/texts/jesuati-test/xjx,5,0.556,6,0.222,10,0.111,1,0.111
259,/Users/brianrosenblum/Desktop/./t/texts/jesuati-test/xjy,10,0.588,7,0.176,8,0.059,3,0.059,1,0.059
260,/Users/brianrosenblum/Desktop/./t/texts/jesuati-test/xjz,10,0.559,8,0.127,1,0.110,9,0.076,5,0.051
261,/Users/brianrosenblum/Desktop/./t/texts/jesuati-test/xka,10,0.422,8,0.289,1,0.133,9,0.067
262,/Users/brianrosenblum/Desktop/./t/texts/jesuati-test/xkb,6,0.636,7,0.152,5,0.061
263,/Users/brianrosenblum/Desktop/./t/texts/jesuati-test/xkc,10,0.374,1,0.181,6,0.146,2,0.070,9,0.058,8,0.058
264,/Users/brianrosenblum/Desktop/./t/texts/jesuati-test/xkd,10,0.309,8,0.247,1,0.210,9,0.086,3,0.086
265,/Users/brianrosenblum/Desktop/./t/texts/jesuati-test/xke,10,0.232,1,0.191,9,0.125,4,0.125,6,0.099,5,0.064,8,0.058
266,/Users/brianrosenblum/Desktop/./t/texts/jesuati-test/xkf,1,0.222,10,0.210,9,0.204,3,0.154,8,0.074
267,/Users/brianrosenblum/Desktop/./t/texts/jesuati-test/xkg,9,0.367,8,0.228,10,0.190,1,0.089,7,0.051
268,/Users/brianrosenblum/Desktop/./t/texts/jesuati-test/xkh,1,0.400,9,0.170,8,0.127,3,0.091,10,0.085
269,/Users/brianrosenblum/Desktop/./t/texts/jesuati-test/xki,1,0.409,9,0.182,10,0.091,5,0.091,2,0.091
270,/Users/brianrosenblum/Desktop/./t/texts/jesuati-test/xkj,10,0.319,1,0.266,9,0.131,6,0.097,8,0.062
271,/Users/brianrosenblum/Desktop/./t/texts/jesuati-test/xkk,1,0.256,10,0.182,3,0.182,9,0.126,8,0.077,6,0.070
272,/Users/brianrosenblum/Desktop/./t/texts/jesuati-test/xkl,6,0.378,10,0.265,1,0.102,8,0.056,3,0.056,7,0.051
273,/Users/brianrosenblum/Desktop/./t/texts/jesuati-test/xkm,10,0.568,8,0.125,1,0.114,9,0.057,7,0.057
274,/Users/brianrosenblum/Desktop/./t/texts/jesuati-test/xkn,10,0.323,8,0.173,3,0.153,1,0.142,9,0.077
275,/Users/brianrosenblum/Desktop/./t/texts/jesuati-test/xko,10,0.566,1,0.133,2,0.066
276,/Users/brianrosenblum/Desktop/./t/texts/jesuati-test/xkp,10,0.415,2,0.198,9,0.094,8,0.094,7,0.066,1,0.057
277,/Users/brianrosenblum/Desktop/./t/texts/jesuati-test/xkq,10,0.402,1,0.196,8,0.098,4,0.098,5,0.054
278,/Users/brianrosenblum/Desktop/./t/texts/jesuati-test/xkr,10,0.423,8,0.231,1,0.192,3,0.115
279,/Users/brianrosenblum/Desktop/./t/texts/jesuati-test/xks,1,0.413,9,0.201,10,0.130,7,0.065,8,0.054,4,0.054
280,/Users/brianrosenblum/Desktop/./t/texts/jesuati-test/xkt,1,0.300,10,0.202,9,0.111,7,0.095,8,0.088,3,0.069,2,0.056
281,/Users/brianrosenblum/Desktop/./t/texts/jesuati-test/xku,10,0.373,3,0.133,1,0.133,5,0.108,8,0.076,9,0.070
282,/Users/brianrosenblum/Desktop/./t/texts/jesuati-test/xkv,5,0.318,1,0.167,6,0.152,10,0.121,2,0.061
283,/Users/brianrosenblum/Desktop/./t/texts/jesuati-test/xkw,10,0.368,8,0.208,1,0.151,3,0.113,5,0.057
284,/Users/brianrosenblum/Desktop/./t/texts/jesuati-test/xkx,10,0.246,8,0.164,1,0.164,9,0.148,7,0.107,3,0.074
285,/Users/brianrosenblum/Desktop/./t/texts/jesuati-test/xky,5,0.300,1,0.300,9,0.200,4,0.100,2,0.100
286,/Users/brianrosenblum/Desktop/./t/texts/jesuati-test/xkz,10,0.392,1,0.167,8,0.137,9,0.127,3,0.059
287,/Users/brianrosenblum/Desktop/./t/texts/jesuati-test/xla,9,0.343,1,0.229,4,0.114,10,0.086,8,0.057,5,0.057,2,0.057
288,/Users/brianrosenblum/Desktop/./t/texts/jesuati-test/xlb,10,0.472,3,0.139,9,0.111,8,0.111,1,0.111
289,/Users/brianrosenblum/Desktop/./t/texts/jesuati-test/xlc,10,0.424,1,0.192,8,0.111,9,0.081,2,0.061
290,/Users/brianrosenblum/Desktop/./t/texts/jesuati-test/xld,1,0.366,10,0.301,9,0.161,8,0.108
291,/Users/brianrosenblum/Desktop/./t/texts/jesuati-test/xle,9,0.282,1,0.242,10,0.161,2,0.121,3,0.056
292,/Users/brianrosenblum/Desktop/./t/texts/jesuati-test/xlf,6,0.366,10,0.211,1,0.086,3,0.078,9,0.075,5,0.055
293,/Users/brianrosenblum/Desktop/./t/texts/jesuati-test/xlg,6,0.712,1,0.098,5,0.058
294,/Users/brianrosenblum/Desktop/./t/texts/jesuati-test/xlh,6,0.340,2,0.151,1,0.136,9,0.131,5,0.069,10,0.060
295,/Users/brianrosenblum/Desktop/./t/texts/jesuati-test/xli,7,0.265,3,0.176,8,0.147,10,0.118,4,0.118,2,0.088,5,0.059
296,/Users/brianrosenblum/Desktop/./t/texts/jesuati-test/xlj,10,0.407,9,0.151,7,0.116,2,0.105,8,0.058,1,0.058
297,/Users/brianrosenblum/Desktop/./t/texts/jesuati-test/xlk,10,0.600,5,0.200,7,0.133,3,0.067
298,/Users/brianrosenblum/Desktop/./t/texts/jesuati-test/xll,6,0.301,10,0.249,9,0.096,7,0.083,8,0.061,3,0.061,2,0.052
299,/Users/brianrosenblum/Desktop/./t/texts/jesuati-test/xlm,10,0.280,7,0.227,3,0.147,9,0.093,1,0.080,2,0.067
300,/Users/brianrosenblum/Desktop/./t/texts/jesuati-test/xln,10,0.398,1,0.144,2,0.110,4,0.102,9,0.068,7,0.059
301,/Users/brianrosenblum/Desktop/./t/texts/jesuati-test/xlo,10,0.492,2,0.152,1,0.147,8,0.063
302,/Users/brianrosenblum/Desktop/./t/texts/jesuati-test/xlp,10,0.324,6,0.149,1,0.149,2,0.105,8,0.074,9,0.054,4,0.054
303,/Users/brianrosenblum/Desktop/./t/texts/jesuati-test/xlq,10,0.307,2,0.153,6,0.109,8,0.091,1,0.088,9,0.062,7,0.055,4,0.051
304,/Users/brianrosenblum/Desktop/./t/texts/jesuati-test/xlr,2,0.190,10,0.165,7,0.157,3,0.132,9,0.116,5,0.074,4,0.074,1,0.058
305,/Users/brianrosenblum/Desktop/./t/texts/jesuati-test/xls,10,0.200,1,0.178,2,0.124,9,0.098,5,0.084,8,0.082,3,0.081,7,0.056,6,0.056
306,/Users/brianrosenblum/Desktop/./t/texts/jesuati-test/xlt,10,0.384,2,0.182,1,0.103,5,0.059,3,0.059
307,/Users/brianrosenblum/Desktop/./t/texts/jesuati-test/xlu,10,0.349,8,0.145,2,0.145,7,0.133,1,0.096
308,/Users/brianrosenblum/Desktop/./t/texts/jesuati-test/xlv,10,0.253,2,0.154,1,0.136,9,0.096,8,0.089,3,0.063,7,0.061,5,0.058
309,/Users/brianrosenblum/Desktop/./t/texts/jesuati-test/xlw,6,0.247,3,0.176,2,0.153,5,0.106,1,0.094,9,0.082,10,0.071
310,/Users/brianrosenblum/Desktop/./t/texts/jesuati-test/xlx,9,0.234,5,0.144,10,0.140,1,0.122,3,0.104,7,0.097,4,0.065,8,0.058
311,/Users/brianrosenblum/Desktop/./t/texts/jesuati-test/xly,5,0.303,4,0.264,2,0.135,9,0.132,1,0.058
312,/Users/brianrosenblum/Desktop/./t/texts/jesuati-test/xlz,9,0.210,10,0.141,5,0.118,3,0.115,2,0.115,4,0.103,1,0.084,7,0.069
313,/Users/brianrosenblum/Desktop/./t/texts/jesuati-test/xma,2,0.248,1,0.182,5,0.143,10,0.109,8,0.093,4,0.081,9,0.066
314,/Users/brianrosenblum/Desktop/./t/texts/jesuati-test/xmb,2,0.191,3,0.180,1,0.175,9,0.144,5,0.124,10,0.057
315,/Users/brianrosenblum/Desktop/./t/texts/jesuati-test/xmc,4,0.222,2,0.197,6,0.143,1,0.117,9,0.102,10,0.086,7,0.058
316,/Users/brianrosenblum/Desktop/./t/texts/jesuati-test/xmd,4,0.225,5,0.207,3,0.142,2,0.089,1,0.083,9,0.077,7,0.071,10,0.053
317,/Users/brianrosenblum/Desktop/./t/texts/jesuati-test/xme,1,0.258,9,0.183,10,0.152,6,0.097,3,0.070,2,0.060,4,0.058,8,0.055
318,/Users/brianrosenblum/Desktop/./t/texts/jesuati-test/xmf,8,0.223,2,0.145,10,0.136,9,0.119,1,0.117,3,0.090,7,0.064,5,0.051
319,/Users/brianrosenblum/Desktop/./t/texts/jesuati-test/xmg,8,0.268,4,0.268,10,0.220,7,0.098,2,0.073
320,/Users/brianrosenblum/Desktop/./t/texts/jesuati-test/xmh,8,0.285,1,0.195,2,0.122,7,0.114,3,0.089,10,0.057,9,0.057
321,/Users/brianrosenblum/Desktop/./t/texts/jesuati-test/xmi,1,0.194,9,0.135,3,0.135,8,0.124,10,0.094,5,0.088,4,0.082,7,0.071,2,0.065
322,/Users/brianrosenblum/Desktop/./t/texts/jesuati-test/xmj,6,0.210,3,0.179,8,0.167,1,0.097,2,0.093,10,0.066,7,0.066,9,0.051,5,0.051
323,/Users/brianrosenblum/Desktop/./t/texts/jesuati-test/xmk,6,0.713,8,0.074,1,0.065,5,0.056
324,/Users/brianrosenblum/Desktop/./t/texts/jesuati-test/xml,8,0.330,2,0.152,3,0.125,5,0.107,9,0.063,4,0.054,1,0.054
325,/Users/brianrosenblum/Desktop/./t/texts/jesuati-test/xmm,8,0.174,2,0.161,10,0.138,5,0.138,6,0.119,4,0.092,1,0.073
326,/Users/brianrosenblum/Desktop/./t/texts/jesuati-test/xmn,6,0.359,2,0.198,5,0.144,7,0.132
327,/Users/brianrosenblum/Desktop/./t/texts/jesuati-test/xmo,8,0.208,9,0.173,2,0.124,1,0.099,3,0.080,6,0.068,4,0.066,5,0.064,10,0.060,7,0.058
328,/Users/brianrosenblum/Desktop/./t/texts/jesuati-test/xmp,8,0.234,2,0.234,1,0.170,7,0.085,3,0.085,9,0.064,4,0.064
329,/Users/brianrosenblum/Desktop/./t/texts/jesuati-test/xmq,8,0.255,9,0.247,3,0.124,2,0.105,1,0.105,5,0.064
330,/Users/brianrosenblum/Desktop/./t/texts/jesuati-test/xmr,8,0.191,9,0.180,10,0.146,7,0.140,2,0.090,3,0.084,4,0.062,5,0.051
331,/Users/brianrosenblum/Desktop/./t/texts/jesuati-test/xms,6,0.377,9,0.167,2,0.113,5,0.088,10,0.071
332,/Users/brianrosenblum/Desktop/./t/texts/jesuati-test/xmt,6,0.782,1,0.061,5,0.057
333,/Users/brianrosenblum/Desktop/./t/texts/jesuati-test/xmu,6,0.816
334,/Users/brianrosenblum/Desktop/./t/texts/jesuati-test/xmv,9,0.250,10,0.231,6,0.176,1,0.102,3,0.083,8,0.074
335,/Users/brianrosenblum/Desktop/./t/texts/jesuati-test/xmw,10,0.335,1,0.156,9,0.118,8,0.097,6,0.067,3,0.055,5,0.051
336,/Users/brianrosenblum/Desktop/./t/texts/jesuati-test/xmx,10,0.236,3,0.125,2,0.125,8,0.114,6,0.100,4,0.070,9,0.066,7,0.066,5,0.055
337,/Users/brianrosenblum/Desktop/./t/texts/jesuati-test/xmy,4,0.400,6,0.200,2,0.200,8,0.100,5,0.100
338,/Users/brianrosenblum/Desktop/./t/texts/jesuati-test/xmz,8,0.298,1,0.191,7,0.128,3,0.106,10,0.085,4,0.085
339,/Users/brianrosenblum/Desktop/./t/texts/jesuati-test/xna,4,0.261,5,0.196,8,0.121,3,0.101,7,0.085,2,0.075,9,0.065
340,/Users/brianrosenblum/Desktop/./t/texts/jesuati-test/xnb,8,0.349,10,0.326,4,0.116,7,0.070
341,/Users/brianrosenblum/Desktop/./t/texts/jesuati-test/xnc,6,0.308,5,0.154,2,0.154,10,0.077,7,0.077,4,0.077,3,0.077,1,0.077
342,/Users/brianrosenblum/Desktop/./t/texts/jesuati-test/xnd,3,0.268,1,0.160,10,0.132,7,0.112,5,0.100,4,0.090,9,0.058
343,/Users/brianrosenblum/Desktop/./t/texts/jesuati-test/xne,9,0.260,10,0.153,3,0.136,8,0.119,7,0.113,4,0.062,6,0.051
344,/Users/brianrosenblum/Desktop/./t/texts/jesuati-test/xnf,10,0.238,9,0.222,5,0.143,3,0.111,1,0.111,2,0.063
345,/Users/brianrosenblum/Desktop/./t/texts/jesuati-test/xng,3,0.292,9,0.243,5,0.096,10,0.093,2,0.073,4,0.064
346,/Users/brianrosenblum/Desktop/./t/texts/jesuati-test/xnh,7,0.276,5,0.267,4,0.181,8,0.105,2,0.057
347,/Users/brianrosenblum/Desktop/./t/texts/jesuati-test/xni,3,0.274,9,0.195,5,0.119,1,0.096,2,0.073,8,0.065,7,0.065,10,0.056
348,/Users/brianrosenblum/Desktop/./t/texts/jesuati-test/xnj,3,0.304,9,0.157,5,0.157,1,0.120,4,0.080,7,0.065,10,0.061
349,/Users/brianrosenblum/Desktop/./t/texts/jesuati-test/xnk,3,0.577,5,0.130,9,0.063
350,/Users/brianrosenblum/Desktop/./t/texts/jesuati-test/xnl,7,0.205,2,0.205,5,0.157,4,0.157,9,0.133,8,0.108
351,/Users/brianrosenblum/Desktop/./t/texts/jesuati-test/xnm,9,0.231,5,0.192,6,0.115,4,0.115,2,0.115,10,0.077,8,0.077
352,/Users/brianrosenblum/Desktop/./t/texts/jesuati-test/xnn,2,0.290,5,0.226,9,0.161,1,0.129,8,0.065
353,/Users/brianrosenblum/Desktop/./t/texts/jesuati-test/xno,3,0.495,9,0.121,5,0.100,10,0.083
354,/Users/brianrosenblum/Desktop/./t/texts/jesuati-test/xnp,5,0.265,1,0.163,3,0.122,9,0.082,7,0.082,4,0.082,8,0.061,2,0.061
355,/Users/brianrosenblum/Desktop/./t/texts/jesuati-test/xnq,9,0.333,4,0.333,3,0.333
356,/Users/brianrosenblum/Desktop/./t/texts/jesuati-test/xnr,3,0.508,9,0.146,5,0.094,10,0.070
357,/Users/brianrosenblum/Desktop/./t/texts/jesuati-test/xns,3,0.407,9,0.165,5,0.165,8,0.083
358,/Users/brianrosenblum/Desktop/./t/texts/jesuati-test/xnt,9,0.325,5,0.185,2,0.151,3,0.084,1,0.067
359,/Users/brianrosenblum/Desktop/./t/texts/jesuati-test/xnu,9,0.250,10,0.175,2,0.162,1,0.112,8,0.075,7,0.075,5,0.050,4,0.050,3,0.050
360,/Users/brianrosenblum/Desktop/./t/texts/jesuati-test/xnv,10,0.306,9,0.247,1,0.135,2,0.094,8,0.076,4,0.065
361,/Users/brianrosenblum/Desktop/./t/texts/jesuati-test/xnw,6,0.556,3,0.113,5,0.090,9,0.068,4,0.053
362,/Users/brianrosenblum/Desktop/./t/texts/jesuati-test/xnx,9,0.460,8,0.129,1,0.111,2,0.103,10,0.098
363,/Users/brianrosenblum/Desktop/./t/texts/jesuati-test/xny,9,0.271,2,0.194,8,0.168,7,0.123,1,0.084,4,0.071,5,0.052
364,/Users/brianrosenblum/Desktop/./t/texts/jesuati-test/xnz,8,0.290,9,0.217,2,0.202,7,0.077,4,0.051
365,/Users/brianrosenblum/Desktop/./t/texts/jesuati-test/xoa,8,0.278,10,0.167,9,0.148,2,0.148,7,0.074,5,0.056,4,0.056,3,0.056
366,/Users/brianrosenblum/Desktop/./t/texts/jesuati-test/xob,9,0.302,2,0.153,8,0.131,7,0.090,1,0.082,10,0.078,3,0.060,4,0.056
367,/Users/brianrosenblum/Desktop/./t/texts/jesuati-test/xoc,8,0.406,3,0.302,2,0.104,1,0.057
368,/Users/brianrosenblum/Desktop/./t/texts/jesuati-test/xod,8,0.256,2,0.136,7,0.135,4,0.129,3,0.119,10,0.069,5,0.061
369,/Users/brianrosenblum/Desktop/./t/texts/jesuati-test/xoe,8,0.397,9,0.116,3,0.105,2,0.097,4,0.079,1,0.065,5,0.061
370,/Users/brianrosenblum/Desktop/./t/texts/jesuati-test/xof,1,0.282,9,0.205,8,0.141,10,0.103,7,0.077,4,0.077
371,/Users/brianrosenblum/Desktop/./t/texts/jesuati-test/xog,10,0.189,9,0.145,8,0.138,1,0.135,3,0.131,5,0.073,7,0.065,2,0.062,4,0.055
372,/Users/brianrosenblum/Desktop/./t/texts/jesuati-test/xoh,3,0.490,8,0.214,5,0.087
373,/Users/brianrosenblum/Desktop/./t/texts/jesuati-test/xoi,8,0.375,3,0.269,7,0.125,2,0.081,9,0.063
374,/Users/brianrosenblum/Desktop/./t/texts/jesuati-test/xoj,3,0.353,8,0.214,7,0.151,5,0.073
375,/Users/brianrosenblum/Desktop/./t/texts/jesuati-test/xok,3,0.236,7,0.225,8,0.173,10,0.157,9,0.073,1,0.073
376,/Users/brianrosenblum/Desktop/./t/texts/jesuati-test/xol,7,0.165,10,0.127,9,0.127,4,0.114,3,0.114,1,0.114,8,0.101,5,0.101
377,/Users/brianrosenblum/Desktop/./t/texts/jesuati-test/xom,7,0.284,4,0.165,3,0.156,8,0.138,10,0.092,1,0.055
378,/Users/brianrosenblum/Desktop/./t/texts/jesuati-test/xon,3,0.253,8,0.204,5,0.198,4,0.117,7,0.093,10,0.068
379,/Users/brianrosenblum/Desktop/./t/texts/jesuati-test/xoo,8,0.432,3,0.227,9,0.091,7,0.080
380,/Users/brianrosenblum/Desktop/./t/texts/jesuati-test/xop,8,0.337,3,0.217,4,0.163,5,0.090,7,0.060,1,0.060
381,/Users/brianrosenblum/Desktop/./t/texts/jesuati-test/xoq,4,0.455,5,0.242,8,0.121,1,0.121
382,/Users/brianrosenblum/Desktop/./t/texts/jesuati-test/xor,8,0.317,5,0.300,9,0.133,4,0.083,3,0.083
383,/Users/brianrosenblum/Desktop/./t/texts/jesuati-test/xos,8,0.251,2,0.157,7,0.139,9,0.116,4,0.086,5,0.075,3,0.060,1,0.052
384,/Users/brianrosenblum/Desktop/./t/texts/jesuati-test/xot,5,0.283,4,0.269,7,0.117,3,0.083,1,0.083,2,0.055
385,/Users/brianrosenblum/Desktop/./t/texts/jesuati-test/xou,4,0.656,5,0.165
386,/Users/brianrosenblum/Desktop/./t/texts/jesuati-test/xov,5,0.421,4,0.195,3,0.120,7,0.090,2,0.053,1,0.053
387,/Users/brianrosenblum/Desktop/./t/texts/jesuati-test/xow,5,0.481,4,0.238,3,0.069,7,0.061
388,/Users/brianrosenblum/Desktop/./t/texts/jesuati-test/xox,4,0.270,5,0.150,3,0.146,1,0.135,2,0.075,10,0.066,9,0.066
389,/Users/brianrosenblum/Desktop/./t/texts/jesuati-test/xoy,3,0.321,7,0.139,5,0.127,8,0.115,4,0.067,2,0.061,1,0.061,10,0.055,9,0.055
390,/Users/brianrosenblum/Desktop/./t/texts/jesuati-test/xoz,3,0.429,7,0.128,4,0.126,1,0.083,8,0.062,2,0.050
391,/Users/brianrosenblum/Desktop/./t/texts/jesuati-test/xpa,5,0.182,9,0.161,7,0.154,2,0.105,1,0.105,4,0.098,6,0.070
392,/Users/brianrosenblum/Desktop/./t/texts/jesuati-test/xpb,5,0.551,4,0.190,7,0.129,6,0.054
393,/Users/brianrosenblum/Desktop/./t/texts/jesuati-test/xpc,5,0.294,7,0.193,2,0.118,4,0.109,6,0.084,8,0.059,1,0.050
394,/Users/brianrosenblum/Desktop/./t/texts/jesuati-test/xpd,3,0.340,7,0.122,5,0.122,4,0.089,1,0.078,2,0.074,9,0.066,8,0.058
395,/Users/brianrosenblum/Desktop/./t/texts/jesuati-test/xpe,3,0.346,5,0.183,4,0.134,2,0.105,9,0.076,7,0.070
396,/Users/brianrosenblum/Desktop/./t/texts/jesuati-test/xpf,3,0.581,7,0.200,5,0.076,8,0.057
397,/Users/brianrosenblum/Desktop/./t/texts/jesuati-test/xpg,7,0.304,3,0.236,9,0.154,10,0.091,8,0.079
398,/Users/brianrosenblum/Desktop/./t/texts/jesuati-test/xph,3,0.485,7,0.287,9,0.051
399,/Users/brianrosenblum/Desktop/./t/texts/jesuati-test/xpi,3,0.355,7,0.334,8,0.106,10,0.089
400,/Users/brianrosenblum/Desktop/./t/texts/jesuati-test/xpj,3,0.282,7,0.256,4,0.103,8,0.077,2,0.077,10,0.051,9,0.051,1,0.051
401,/Users/brianrosenblum/Desktop/./t/texts/jesuati-test/xpk,3,0.382,7,0.274,9,0.066,10,0.061
402,/Users/brianrosenblum/Desktop/./t/texts/jesuati-test/xpl,5,0.258,7,0.211,4,0.179,3,0.126,2,0.105
403,/Users/brianrosenblum/Desktop/./t/texts/jesuati-test/xpm,4,0.299,5,0.285,2,0.161,7,0.124
404,/Users/brianrosenblum/Desktop/./t/texts/jesuati-test/xpn,5,0.288,2,0.247,4,0.178,9,0.068,8,0.068,7,0.055
405,/Users/brianrosenblum/Desktop/./t/texts/jesuati-test/xpo,8,0.223,7,0.213,9,0.160,2,0.106,10,0.096,4,0.085,3,0.074
406,/Users/brianrosenblum/Desktop/./t/texts/jesuati-test/xpp,4,0.220,7,0.180,9,0.133,10,0.093,2,0.087,1,0.080,3,0.073,8,0.060,5,0.060
407,/Users/brianrosenblum/Desktop/./t/texts/jesuati-test/xpq,4,0.245,8,0.197,2,0.170,7,0.150,3,0.095
408,/Users/brianrosenblum/Desktop/./t/texts/jesuati-test/xpr,8,0.240,7,0.180,3,0.180,2,0.140,4,0.080
409,/Users/brianrosenblum/Desktop/./t/texts/jesuati-test/xps,2,0.260,4,0.195,8,0.156,10,0.130,7,0.104,3,0.078
410,/Users/brianrosenblum/Desktop/./t/texts/jesuati-test/xpt,8,0.208,7,0.178,10,0.149,4,0.139,2,0.129,1,0.079,9,0.069
411,/Users/brianrosenblum/Desktop/./t/texts/jesuati-test/xpu,8,0.262,7,0.162,9,0.125,3,0.112,4,0.100,2,0.087,1,0.075,10,0.050
412,/Users/brianrosenblum/Desktop/./t/texts/jesuati-test/xpv,3,0.587,5,0.164,7,0.057
413,/Users/brianrosenblum/Desktop/./t/texts/jesuati-test/xpw,3,0.344,5,0.241,7,0.142,4,0.126,9,0.059
414,/Users/brianrosenblum/Desktop/./t/texts/jesuati-test/xpx,5,0.338,3,0.180,7,0.128,4,0.090,6,0.083,9,0.075,1,0.075
415,/Users/brianrosenblum/Desktop/./t/texts/jesuati-test/xpy,5,0.384,4,0.231,2,0.128,7,0.087,3,0.083
416,/Users/brianrosenblum/Desktop/./t/texts/jesuati-test/xpz,5,0.351,7,0.162,3,0.149,4,0.108,9,0.081,6,0.054
417,/Users/brianrosenblum/Desktop/./t/texts/jesuati-test/xqa,5,0.357,3,0.276,7,0.114,4,0.101
418,/Users/brianrosenblum/Desktop/./t/texts/jesuati-test/xqb,5,0.370,3,0.231,7,0.137,4,0.060,2,0.057,1,0.057
419,/Users/brianrosenblum/Desktop/./t/texts/jesuati-test/xqc,5,0.316,3,0.218,4,0.188,2,0.086,7,0.080
420,/Users/brianrosenblum/Desktop/./t/texts/jesuati-test/xqd,7,0.259,4,0.222,5,0.185,9,0.074,8,0.074,2,0.074,1,0.074
421,/Users/brianrosenblum/Desktop/./t/texts/jesuati-test/xqe,4,0.250,7,0.222,3,0.120,5,0.111,2,0.093,1,0.065,6,0.056
422,/Users/brianrosenblum/Desktop/./t/texts/jesuati-test/xqf,3,0.280,5,0.258,7,0.161,9,0.097,1,0.075,4,0.065
423,/Users/brianrosenblum/Desktop/./t/texts/jesuati-test/xqg,3,0.488,5,0.186,7,0.093,4,0.093
424,/Users/brianrosenblum/Desktop/./t/texts/jesuati-test/xqh,3,0.422,5,0.222,9,0.089,4,0.078
425,/Users/brianrosenblum/Desktop/./t/texts/jesuati-test/xqi,5,0.381,7,0.134,4,0.112,1,0.082,9,0.075,3,0.075,2,0.060,10,0.052
426,/Users/brianrosenblum/Desktop/./t/texts/jesuati-test/xqj,5,0.311,7,0.214,4,0.117,2,0.097,8,0.087,3,0.058
427,/Users/brianrosenblum/Desktop/./t/texts/jesuati-test/xqk,7,0.217,8,0.202,2,0.140,1,0.101,10,0.085,5,0.078,3,0.070
428,/Users/brianrosenblum/Desktop/./t/texts/jesuati-test/xql,8,0.218,2,0.190,7,0.183,5,0.127,4,0.092,10,0.056
429,/Users/brianrosenblum/Desktop/./t/texts/jesuati-test/xqm,3,0.297,7,0.188,5,0.182,10,0.127,4,0.055
430,/Users/brianrosenblum/Desktop/./t/texts/jesuati-test/xqn,3,0.212,5,0.173,1,0.154,6,0.135,10,0.077,8,0.077,7,0.077,2,0.058
431,/Users/brianrosenblum/Desktop/./t/texts/jesuati-test/xqo,5,0.250,10,0.167,7,0.167,3,0.125,8,0.083
432,/Users/brianrosenblum/Desktop/./t/texts/jesuati-test/xqp,3,0.280,7,0.195,5,0.195,2,0.098,1,0.085,8,0.061
433,/Users/brianrosenblum/Desktop/./t/texts/jesuati-test/xqq,7,0.337,3,0.261,1,0.098,10,0.076,5,0.076,9,0.054,2,0.054
434,/Users/brianrosenblum/Desktop/./t/texts/jesuati-test/xqr,3,0.230,5,0.204,4,0.142,2,0.106,6,0.088,7,0.080,8,0.053
435,/Users/brianrosenblum/Desktop/./t/texts/jesuati-test/xqs,3,0.260,5,0.190,10,0.170,7,0.130,9,0.090
436,/Users/brianrosenblum/Desktop/./t/texts/jesuati-test/xqt,10,0.310,1,0.144,9,0.133,3,0.120,7,0.091,2,0.076,4,0.067
437,/Users/brianrosenblum/Desktop/./t/texts/jesuati-test/xqu,6,0.700,7,0.080,4,0.060
438,/Users/brianrosenblum/Desktop/./t/texts/jesuati-test/xqv,6,0.400,7,0.150,5,0.150,3,0.075,2,0.075,4,0.050
439,/Users/brianrosenblum/Desktop/./t/texts/jesuati-test/xqw,6,0.803,5,0.081
440,/Users/brianrosenblum/Desktop/./t/texts/jesuati-test/xqx,6,0.462,5,0.128,4,0.090,3,0.090,1,0.077,7,0.051
441,/Users/brianrosenblum/Desktop/./t/texts/jesuati-test/xqy,6,0.222,5,0.178,4,0.167,3,0.106,1,0.106,10,0.100,8,0.050
442,/Users/brianrosenblum/Desktop/./t/texts/jesuati-test/xqz,6,0.333,5,0.322,3,0.117,4,0.088,1,0.058
443,/Users/brianrosenblum/Desktop/./t/texts/jesuati-test/xra,5,0.288,7,0.178,4,0.164,9,0.123,6,0.082,2,0.068
444,/Users/brianrosenblum/Desktop/./t/texts/jesuati-test/xrb,5,0.318,2,0.197,4,0.167,1,0.091,10,0.061,3,0.061
445,/Users/brianrosenblum/Desktop/./t/texts/jesuati-test/xrc,5,0.203,1,0.169,2,0.163,6,0.142,4,0.108,3,0.062
446,/Users/brianrosenblum/Desktop/./t/texts/jesuati-test/xrd,6,0.487,2,0.124,9,0.120,1,0.068,5,0.056
447,/Users/brianrosenblum/Desktop/./t/texts/jesuati-test/xre,6,0.333,2,0.136,1,0.114,8,0.106,9,0.098,3,0.083,7,0.053
448,/Users/brianrosenblum/Desktop/./t/texts/jesuati-test/xrf,6,0.182,1,0.174,2,0.142,9,0.135,4,0.106,5,0.084,10,0.076
449,/Users/brianrosenblum/Desktop/./t/texts/jesuati-test/xrg,6,0.195,1,0.185,9,0.110,2,0.097,4,0.094,10,0.088,3,0.078,7,0.075
450,/Users/brianrosenblum/Desktop/./t/texts/jesuati-test/xrh,6,0.407,4,0.236,5,0.114,2,0.071,3,0.057
451,/Users/brianrosenblum/Desktop/./t/texts/jesuati-test/xri,6,0.491,3,0.118,1,0.103,5,0.061,7,0.059,9,0.055
452,/Users/brianrosenblum/Desktop/./t/texts/jesuati-test/xrj,6,0.455,1,0.123,3,0.073,5,0.066,2,0.066,4,0.060,7,0.053
453,/Users/brianrosenblum/Desktop/./t/texts/jesuati-test/xrk,3,0.492,7,0.134,4,0.084,5,0.061,9,0.057
454,/Users/brianrosenblum/Desktop/./t/texts/jesuati-test/xrl,2,0.632,5,0.158,9,0.053,6,0.053,3,0.053,1,0.053
455,/Users/brianrosenblum/Desktop/./t/texts/jesuati-test/xrm,7,0.325,2,0.154,4,0.114,3,0.085,1,0.081,10,0.072,5,0.071
456,/Users/brianrosenblum/Desktop/./t/texts/jesuati-test/xrn,7,0.260,4,0.150,3,0.133,8,0.116,10,0.075,2,0.075,1,0.069,5,0.052
457,/Users/brianrosenblum/Desktop/./t/texts/jesuati-test/xro,5,0.269,1,0.150,4,0.138,7,0.094,9,0.081,3,0.081,10,0.063,2,0.056
458,/Users/brianrosenblum/Desktop/./t/texts/jesuati-test/xrp,5,0.219,7,0.176,2,0.140,4,0.122,3,0.104,1,0.082,9,0.050,8,0.050
459,/Users/brianrosenblum/Desktop/./t/texts/jesuati-test/xrq,10,0.287,3,0.132,2,0.126,9,0.102,7,0.102,1,0.102,8,0.066
460,/Users/brianrosenblum/Desktop/./t/texts/jesuati-test/xrr,7,0.500,6,0.250,9,0.125,4,0.125
461,/Users/brianrosenblum/Desktop/./t/texts/jesuati-test/xrs,4,0.404,5,0.255,1,0.085,2,0.064
462,/Users/brianrosenblum/Desktop/./t/texts/jesuati-test/xrt,8,0.271,4,0.153,5,0.119,10,0.102,7,0.102,2,0.102,9,0.068,3,0.051
463,/Users/brianrosenblum/Desktop/./t/texts/jesuati-test/xru,1,0.320,8,0.213,9,0.187,10,0.093,7,0.080,2,0.053
464,/Users/brianrosenblum/Desktop/./t/texts/jesuati-test/xrv,1,0.250,10,0.200,3,0.133,9,0.117,2,0.100,8,0.083,4,0.050
465,/Users/brianrosenblum/Desktop/./t/texts/jesuati-test/xrw,3,0.243,9,0.189,8,0.153,10,0.117,1,0.081,2,0.062,4,0.055,7,0.053
466,/Users/brianrosenblum/Desktop/./t/texts/jesuati-test/xrx,7,0.800,8,0.200
467,/Users/brianrosenblum/Desktop/./t/texts/jesuati-test/xry,8,0.313,3,0.313,10,0.125,5,0.125,7,0.063,6,0.063
468,/Users/brianrosenblum/Desktop/./t/texts/jesuati-test/xrz,3,0.275,5,0.250,1,0.150,7,0.125,2,0.100,6,0.050
469,/Users/brianrosenblum/Desktop/./t/texts/jesuati-test/xsa,5,0.205,1,0.144,9,0.126,8,0.112,10,0.106,2,0.091,4,0.089,7,0.075
470,/Users/brianrosenblum/Desktop/./t/texts/jesuati-test/xsb,5,0.211,3,0.146,7,0.143,4,0.137,8,0.089,2,0.083,9,0.068,1,0.057
471,/Users/brianrosenblum/Desktop/./t/texts/jesuati-test/xsc,4,0.308,2,0.308,10,0.077,9,0.077,8,0.077,3,0.077,1,0.077
472,/Users/brianrosenblum/Desktop/./t/texts/jesuati-test/xsd,9,0.193,10,0.157,7,0.096,3,0.096,2,0.096,1,0.096,8,0.072,5,0.072,4,0.072
473,/Users/brianrosenblum/Desktop/./t/texts/jesuati-test/xse,8,0.500,4,0.500
474,/Users/brianrosenblum/Desktop/./t/texts/jesuati-test/xsf,7,0.189,5,0.189,8,0.135,4,0.135,10,0.081,3,0.081,1,0.081,9,0.054,2,0.054
475,/Users/brianrosenblum/Desktop/./t/texts/jesuati-test/xsg,10,0.196,7,0.157,6,0.137,2,0.118,5,0.098,9,0.078,4,0.078,8,0.059,1,0.059
